file,type,nsrc,X,Y,Vx,Vy,Cov,json,is_doppel,doppel_src,doppel_how,doppel_crot
Stim151.png,Ellipse,3,0.205876760681613,-0.155462202087917,0.00803406303091224,0.00533713914938564,0.0006487398223815,"{'n_interp':200,'bands':[0.5,0.95],'line_sz':1,'w_px':540,'h_px':540,'Mu':[[0.09267163977726442,0.33138235711174235,0.11950055850610521],[-0.2263401907745449,-0.051350047000643773,-0.27898588383106582]],'Sigma':[[[0.035845386921046843,0.025063149335478534,0.020888287493403532],[0.0018852410828613443,-0.0022032763071457542,0.0115136440225389]],[[0.0018852410828613443,-0.0022032763071457542,0.0115136440225389],[0.011372050368392596,0.014462707620030242,0.039205044229997349]]],'f':[],'ax':[],'colors':[[0.49019607843137253,0.19607843137254902,0.23137254901960785],[0.12156862745098039,0.47450980392156861,0.53725490196078429],[0.85882352941176465,0.63921568627450975,0.22745098039215686]],'color_idx':1,'canvas_clr':[0.75294117647058822,0.75294117647058822,0.75294117647058822],'color_angle':[],'color_lightness':0.5,'saturation':1,'cent_marker_sz':8}",0,none,0,none
Stim152.png,Ellipse,3,-0.081287060781883,-0.146034495980387,0.0081570919720745,0.00462459397724764,0.000329527759806559,"{'n_interp':200,'bands':[0.5,0.95],'line_sz':1,'w_px':540,'h_px':540,'Mu':[[-0.20014788447235249,0.27331713203415309,-0.07999102292326718],[-0.20604491130195735,-0.013388585739076291,-0.17917382857329284]],'Sigma':[[[0.018286269441277168,0.056609815032523311,0.020782502746278003],[0.0027753519968739732,0.0016630684372362951,-0.0015479277343874527]],[[0.0027753519968739732,0.0016630684372362951,-0.0015479277343874527],[0.011963437823012832,0.019606558122236786,0.012759082967773486]]],'f':[],'ax':[],'colors':[[0.49019607843137253,0.19607843137254902,0.23137254901960785],[0.12156862745098039,0.47450980392156861,0.53725490196078429],[0.85882352941176465,0.63921568627450975,0.22745098039215686]],'color_idx':1,'canvas_clr':[0.75294117647058822,0.75294117647058822,0.75294117647058822],'color_angle':[],'color_lightness':0.5,'saturation':1,'cent_marker_sz':8}",0,none,0,none
Stim153.png,Ellipse,3,0.172821691213823,-0.0487076833360066,0.00619417246703453,0.00372629924043352,0.0018741322948314,"{'n_interp':200,'bands':[0.5,0.95],'line_sz':1,'w_px':540,'h_px':540,'Mu':[[0.082108845816281861,0.33964111200704072,0.16318177202013431],[-0.074886139836817578,-0.12166942512923379,0.047329910483312282]],'Sigma':[[[0.016092391056269376,0.029037819624636779,0.0164111751626047],[0.00398678518123904,0.018114537248694065,0.0073479124949826172]],[[0.00398678518123904,0.018114537248694065,0.0073479124949826172],[0.0050116656456842571,0.058272195768972315,0.024689494910251214]]],'f':[],'ax':[],'colors':[[0.49019607843137253,0.19607843137254902,0.23137254901960785],[0.12156862745098039,0.47450980392156861,0.53725490196078429],[0.85882352941176465,0.63921568627450975,0.22745098039215686]],'color_idx':1,'canvas_clr':[0.75294117647058822,0.75294117647058822,0.75294117647058822],'color_angle':[],'color_lightness':0.5,'saturation':1,'cent_marker_sz':8}",0,none,0,none
Stim154.png,Ellipse,3,-0.192471883552507,0.13161145008189,0.00253805072255963,0.00256865635270419,0.000224655234849275,"{'n_interp':200,'bands':[0.5,0.95],'line_sz':1,'w_px':540,'h_px':540,'Mu':[[-0.2689965552221254,-0.14568142818351981,-0.062086200250522583],[0.12257974984743294,0.10257149474489823,0.23096795852995225]],'Sigma':[[[0.0055180211892800366,0.00997186563912609,0.010975914525133877],[-0.00035001032496259041,-0.00076578868582012573,0.0047311551823939662]],[[-0.00035001032496259041,-0.00076578868582012573,0.0047311551823939662],[0.00800123791478128,0.0070713349889006075,0.010076937480810923]]],'f':[],'ax':[],'colors':[[0.49019607843137253,0.19607843137254902,0.23137254901960785],[0.12156862745098039,0.47450980392156861,0.53725490196078429],[0.85882352941176465,0.63921568627450975,0.22745098039215686]],'color_idx':1,'canvas_clr':[0.75294117647058822,0.75294117647058822,0.75294117647058822],'color_angle':[],'color_lightness':0.5,'saturation':1,'cent_marker_sz':8}",0,none,0,none
Stim155.png,Ellipse,3,0.0924698697995621,0.00082000061991336,0.0027109558575324,0.00469358895011161,0.00124290535780532,"{'n_interp':200,'bands':[0.5,0.95],'line_sz':1,'w_px':540,'h_px':540,'Mu':[[0.072468246260510391,0.089441390195335341,0.0946180360934993],[0.10131665820850927,-0.13569987341614592,-0.050772824094112282]],'Sigma':[[[0.00905056608714444,0.0045653598083678368,0.028052960928015049],[0.0028598440417841723,0.0026164823955320293,0.01574921531581024]],[[0.0028598440417841723,0.0026164823955320293,0.01574921531581024],[0.010527605500777776,0.023179174678810248,0.019656786778187597]]],'f':[],'ax':[],'colors':[[0.49019607843137253,0.19607843137254902,0.23137254901960785],[0.12156862745098039,0.47450980392156861,0.53725490196078429],[0.85882352941176465,0.63921568627450975,0.22745098039215686]],'color_idx':1,'canvas_clr':[0.75294117647058822,0.75294117647058822,0.75294117647058822],'color_angle':[],'color_lightness':0.5,'saturation':1,'cent_marker_sz':8}",0,none,0,none
Stim156.png,Ellipse,3,0.0246337609451362,-0.155866370797478,0.00328767410783974,0.00342735743029547,-0.00097284235256599,"{'n_interp':200,'bands':[0.5,0.95],'line_sz':1,'w_px':540,'h_px':540,'Mu':[[0.088875359670158888,0.0563986792090478,-0.015379415589321908],[-0.22330324359346021,-0.22627060405945287,-0.047999645940074567]],'Sigma':[[[0.02915345210721659,0.0053114770629594252,0.016763936124166913],[-0.00716682841586865,-0.0028886696020634338,0.00080801662758199792]],[[-0.00716682841586865,-0.0028886696020634338,0.00080801662758199792],[0.018501319335459267,0.00800354834853096,0.0097171850274179912]]],'f':[],'ax':[],'colors':[[0.49019607843137253,0.19607843137254902,0.23137254901960785],[0.12156862745098039,0.47450980392156861,0.53725490196078429],[0.85882352941176465,0.63921568627450975,0.22745098039215686]],'color_idx':1,'canvas_clr':[0.75294117647058822,0.75294117647058822,0.75294117647058822],'color_angle':[],'color_lightness':0.5,'saturation':1,'cent_marker_sz':8}",0,none,0,none
Stim157.png,Ellipse,3,-0.0427812635392896,-0.104102725873916,0.00182717619593526,0.00228378251209586,3.83272924120603e-05,"{'n_interp':200,'bands':[0.5,0.95],'line_sz':1,'w_px':540,'h_px':540,'Mu':[[0.036265705173626622,-0.039437910234079811,-0.072231425023144724],[-0.16020787115215851,-0.12739547976833152,0.37108687580603528]],'Sigma':[[[0.014415013307920329,0.0029773843484708381,0.032132057681191123],[-0.0036070457006197754,0.0031526756460214596,0.011104970177846233]],[[-0.0036070457006197754,0.0031526756460214596,0.011104970177846233],[0.0039198129259123849,0.016240696602028769,0.038214845271745776]]],'f':[],'ax':[],'colors':[[0.49019607843137253,0.19607843137254902,0.23137254901960785],[0.12156862745098039,0.47450980392156861,0.53725490196078429],[0.85882352941176465,0.63921568627450975,0.22745098039215686]],'color_idx':1,'canvas_clr':[0.75294117647058822,0.75294117647058822,0.75294117647058822],'color_angle':[],'color_lightness':0.5,'saturation':1,'cent_marker_sz':8}",0,none,0,none
Stim158.png,Ellipse,3,0.175742823402486,-0.0621424060391431,0.00650197039417453,0.00875353892587227,-0.00179150229885819,"{'n_interp':200,'bands':[0.5,0.95],'line_sz':1,'w_px':540,'h_px':540,'Mu':[[0.36247847909740721,-0.029932607738569587,0.041728524421505014],[-0.074522722101887012,0.20777278460736709,-0.35400758776807656]],'Sigma':[[[0.014860956800214075,0.021398016625702645,0.025925211571924827],[-0.0048346345654839981,-0.0074298047933064717,-0.0027330102736389276]],[[-0.0048346345654839981,-0.0074298047933064717,-0.0027330102736389276],[0.019204302544521958,0.032348295448663744,0.032800782592508279]]],'f':[],'ax':[],'colors':[[0.49019607843137253,0.19607843137254902,0.23137254901960785],[0.12156862745098039,0.47450980392156861,0.53725490196078429],[0.85882352941176465,0.63921568627450975,0.22745098039215686]],'color_idx':1,'canvas_clr':[0.75294117647058822,0.75294117647058822,0.75294117647058822],'color_angle':[],'color_lightness':0.5,'saturation':1,'cent_marker_sz':8}",0,none,0,none
Stim159.png,Ellipse,3,-0.0200590712419401,-0.17626754355148,0.00150636745196328,0.00472656136910566,0.000631703124665908,"{'n_interp':200,'bands':[0.5,0.95],'line_sz':1,'w_px':540,'h_px':540,'Mu':[[-0.0462757802320193,-0.24020983363331122,-0.0054524251279963118],[-0.16938517565751393,-0.11439509240152174,-0.22482350333734485]],'Sigma':[[[0.015866820485828794,0.01743520680770777,0.0036183788111740357],[-0.0091075084366602378,0.00023468510355364864,0.0076002348988215389]],[[-0.0091075084366602378,0.00023468510355364864,0.0076002348988215389],[0.01898949320534192,0.011441898027690429,0.0315779393702108]]],'f':[],'ax':[],'colors':[[0.49019607843137253,0.19607843137254902,0.23137254901960785],[0.12156862745098039,0.47450980392156861,0.53725490196078429],[0.85882352941176465,0.63921568627450975,0.22745098039215686]],'color_idx':1,'canvas_clr':[0.75294117647058822,0.75294117647058822,0.75294117647058822],'color_angle':[],'color_lightness':0.5,'saturation':1,'cent_marker_sz':8}",0,none,0,none
Stim160.png,Ellipse,3,0.0116446440112876,0.226889758406414,0.00466154617356132,0.0038981515960362,-0.00164787576796334,"{'n_interp':200,'bands':[0.5,0.95],'line_sz':1,'w_px':540,'h_px':540,'Mu':[[0.15883390046672288,-0.006987178642754735,-0.02022484484688053],[0.31137313433575431,0.25802319906869231,0.10071871876422685]],'Sigma':[[[0.053515416421132854,0.00960947167096549,0.014479474254782913],[0.0068681822286968562,-0.0052484241556789791,-0.00099926450471943653]],[[0.0068681822286968562,-0.0052484241556789791,-0.00099926450471943653],[0.022435165178577479,0.0078914022528506472,0.017863699558496589]]],'f':[],'ax':[],'colors':[[0.49019607843137253,0.19607843137254902,0.23137254901960785],[0.12156862745098039,0.47450980392156861,0.53725490196078429],[0.85882352941176465,0.63921568627450975,0.22745098039215686]],'color_idx':1,'canvas_clr':[0.75294117647058822,0.75294117647058822,0.75294117647058822],'color_angle':[],'color_lightness':0.5,'saturation':1,'cent_marker_sz':8}",0,none,0,none
Stim161.png,Ellipse,3,0.0791092970149246,0.124216642854199,0.00382712754255011,0.00236639914775021,-0.000834194391354538,"{'n_interp':200,'bands':[0.5,0.95],'line_sz':1,'w_px':540,'h_px':540,'Mu':[[0.15105027775788066,0.12942763531380774,-0.010281769428310689],[-0.1433725035174524,0.16488031649634882,0.13075036157595157]],'Sigma':[[[0.018669481391747126,0.017908288464061662,0.0089837719802943628],[-0.0052928788785161366,-0.012287502797770166,-4.5645634546509895E-5]],[[-0.0052928788785161366,-0.012287502797770166,-4.5645634546509895E-5],[0.023717528732780765,0.016450960578160905,0.0034717540017938212]]],'f':[],'ax':[],'colors':[[0.49019607843137253,0.19607843137254902,0.23137254901960785],[0.12156862745098039,0.47450980392156861,0.53725490196078429],[0.85882352941176465,0.63921568627450975,0.22745098039215686]],'color_idx':1,'canvas_clr':[0.75294117647058822,0.75294117647058822,0.75294117647058822],'color_angle':[],'color_lightness':0.5,'saturation':1,'cent_marker_sz':8}",0,none,0,none
Stim162.png,Ellipse,3,-0.0372750502505038,0.00168061425668453,0.005313101127689,0.00871365928933017,-0.000520642066903653,"{'n_interp':200,'bands':[0.5,0.95],'line_sz':1,'w_px':540,'h_px':540,'Mu':[[-0.11730832228202467,-0.15705459087112994,0.091054299846810308],[-0.17671713214939588,0.17528654574801436,-0.07972130969447444]],'Sigma':[[[0.011722214023563181,0.060019879549219293,0.019748782986236887],[0.0086718314521825341,0.0015706714787228318,-0.011261329090259309]],[[0.0086718314521825341,0.0015706714787228318,-0.011261329090259309],[0.038829476150801859,0.042339843269185953,0.022829437570550042]]],'f':[],'ax':[],'colors':[[0.49019607843137253,0.19607843137254902,0.23137254901960785],[0.12156862745098039,0.47450980392156861,0.53725490196078429],[0.85882352941176465,0.63921568627450975,0.22745098039215686]],'color_idx':1,'canvas_clr':[0.75294117647058822,0.75294117647058822,0.75294117647058822],'color_angle':[],'color_lightness':0.5,'saturation':1,'cent_marker_sz':8}",0,none,0,none
Stim163.png,Ellipse,3,-0.0525622484233151,-0.202323681509619,0.00486966746470633,0.00385145032177722,0.000539658093272353,"{'n_interp':200,'bands':[0.5,0.95],'line_sz':1,'w_px':540,'h_px':540,'Mu':[[-0.0298358154095493,-0.0653520469968043,-0.064066060037252709],[-0.15027893023231068,-0.25139986920641078,-0.22153360297663707]],'Sigma':[[[0.01538582225410836,0.012476835020345481,0.016653806625604062],[0.0012098684117904112,0.0015486750014794995,0.002218589561949902]],[[0.0012098684117904112,0.0015486750014794995,0.002218589561949902],[0.010369787095188644,0.015482317681881427,0.010195665623309697]]],'f':[],'ax':[],'colors':[[0.49019607843137253,0.19607843137254902,0.23137254901960785],[0.12156862745098039,0.47450980392156861,0.53725490196078429],[0.85882352941176465,0.63921568627450975,0.22745098039215686]],'color_idx':1,'canvas_clr':[0.75294117647058822,0.75294117647058822,0.75294117647058822],'color_angle':[],'color_lightness':0.5,'saturation':1,'cent_marker_sz':8}",0,none,0,none
Stim164.png,Ellipse,3,-0.0161852943261875,-0.00965695500788571,0.00682892681165176,0.00474127112275479,-0.000345660004608897,"{'n_interp':200,'bands':[0.5,0.95],'line_sz':1,'w_px':540,'h_px':540,'Mu':[[0.21666816375831663,-0.10606855690135372,-0.010799260583926287],[0.063000689571145421,-0.13312769560217147,-0.051560202006029329]],'Sigma':[[[0.047628913636311151,0.017066118963772657,0.015071409728287638],[-0.0016158796582740333,0.0012980725598232933,-0.0013201810233707935]],[[-0.0016158796582740333,0.0012980725598232933,-0.0013201810233707935],[0.01191212177518867,0.049663674983068354,0.0094454507604291964]]],'f':[],'ax':[],'colors':[[0.49019607843137253,0.19607843137254902,0.23137254901960785],[0.12156862745098039,0.47450980392156861,0.53725490196078429],[0.85882352941176465,0.63921568627450975,0.22745098039215686]],'color_idx':1,'canvas_clr':[0.75294117647058822,0.75294117647058822,0.75294117647058822],'color_angle':[],'color_lightness':0.5,'saturation':1,'cent_marker_sz':8}",0,none,0,none
Stim165.png,Ellipse,3,-0.178825708878136,0.147185203123459,0.0026320795919003,0.00341061702787244,-0.00135448030331451,"{'n_interp':200,'bands':[0.5,0.95],'line_sz':1,'w_px':540,'h_px':540,'Mu':[[-0.16391532071504888,-0.24170888596404491,-0.28044149360890447],[-0.00076952036074490193,0.24868768646395628,0.03077334651474592]],'Sigma':[[[0.014111241584590034,0.0048662575810926425,0.042570252379227756],[0.0046936348368702505,-0.0039033879843877908,0.0042737313454804856]],[[0.0046936348368702505,-0.0039033879843877908,0.0042737313454804856],[0.019234187148059471,0.0068950824308481283,0.022046162819525223]]],'f':[],'ax':[],'colors':[[0.49019607843137253,0.19607843137254902,0.23137254901960785],[0.12156862745098039,0.47450980392156861,0.53725490196078429],[0.85882352941176465,0.63921568627450975,0.22745098039215686]],'color_idx':1,'canvas_clr':[0.75294117647058822,0.75294117647058822,0.75294117647058822],'color_angle':[],'color_lightness':0.5,'saturation':1,'cent_marker_sz':8}",0,none,0,none
Stim166.png,Ellipse,3,0.0796873234980477,-0.102990288216375,0.0021625539934619,0.00159645504736335,0.00053222835277011,"{'n_interp':200,'bands':[0.5,0.95],'line_sz':1,'w_px':540,'h_px':540,'Mu':[[0.1022410691734299,0.057186973530160452,0.090511373100527218],[-0.089502224015036463,-0.0041073170221183064,-0.11029775805449818]],'Sigma':[[[0.011065815828015876,0.00362335870869629,0.014752204657421112],[-0.0040752218549526065,-0.00069414517620970759,0.004817123653190287]],[[-0.0040752218549526065,-0.00069414517620970759,0.004817123653190287],[0.030359951923043117,0.016952476747066354,0.003272862926613461]]],'f':[],'ax':[],'colors':[[0.49019607843137253,0.19607843137254902,0.23137254901960785],[0.12156862745098039,0.47450980392156861,0.53725490196078429],[0.85882352941176465,0.63921568627450975,0.22745098039215686]],'color_idx':1,'canvas_clr':[0.75294117647058822,0.75294117647058822,0.75294117647058822],'color_angle':[],'color_lightness':0.5,'saturation':1,'cent_marker_sz':8}",0,none,0,none
Stim167.png,Ellipse,3,-0.278247937404385,0.276210544607746,0.00506722642832068,0.00589264901572014,-0.000116109226813596,"{'n_interp':200,'bands':[0.5,0.95],'line_sz':1,'w_px':540,'h_px':540,'Mu':[[-0.13505542439719664,-0.25073153459518777,-0.38759553018490123],[0.31420904927356269,0.1211415236927028,0.30644469645411776]],'Sigma':[[[0.017215536685574462,0.017676527237306693,0.013515041847886173],[-0.0070096876618200845,-0.0046672240907846907,0.0020560397909945688]],[[-0.0070096876618200845,-0.0046672240907846907,0.0020560397909945688],[0.055182936815978106,0.023100514280765417,0.0098419321445323334]]],'f':[],'ax':[],'colors':[[0.49019607843137253,0.19607843137254902,0.23137254901960785],[0.12156862745098039,0.47450980392156861,0.53725490196078429],[0.85882352941176465,0.63921568627450975,0.22745098039215686]],'color_idx':1,'canvas_clr':[0.75294117647058822,0.75294117647058822,0.75294117647058822],'color_angle':[],'color_lightness':0.5,'saturation':1,'cent_marker_sz':8}",0,none,0,none
Stim168.png,Ellipse,3,0.0104341018924059,-0.205430821538821,0.00469921812949009,0.00825943970278183,0.0022374851236323,"{'n_interp':200,'bands':[0.5,0.95],'line_sz':1,'w_px':540,'h_px':540,'Mu':[[0.11635036556817571,0.015594859332666333,0.0031497332400705512],[-0.3378823092711018,-0.12595179270055357,-0.10613898722159448]],'Sigma':[[[0.018732318031448238,0.010736130471581732,0.023002362759286379],[-0.00037099726657138267,0.0091327467124728,0.016387629784743788]],[[-0.00037099726657138267,0.0091327467124728,0.016387629784743788],[0.018165623213883344,0.026248104197561028,0.045212827152062408]]],'f':[],'ax':[],'colors':[[0.49019607843137253,0.19607843137254902,0.23137254901960785],[0.12156862745098039,0.47450980392156861,0.53725490196078429],[0.85882352941176465,0.63921568627450975,0.22745098039215686]],'color_idx':1,'canvas_clr':[0.75294117647058822,0.75294117647058822,0.75294117647058822],'color_angle':[],'color_lightness':0.5,'saturation':1,'cent_marker_sz':8}",0,none,0,none
Stim169.png,Ellipse,3,-0.268730203394071,0.0644719323325634,0.00264552555922234,0.00520960440023895,0.00125420437285101,"{'n_interp':200,'bands':[0.5,0.95],'line_sz':1,'w_px':540,'h_px':540,'Mu':[[-0.1825186158521824,-0.30224658450135922,-0.40091502119293021],[0.11686552942937302,-0.023423791587297793,0.027505273195534363]],'Sigma':[[[0.0074888213974234862,0.0068829641714744805,0.013330244488026857],[0.00038158745349658259,0.0055201842066462409,0.0073896877508965158]],[[0.00038158745349658259,0.0055201842066462409,0.0073896877508965158],[0.012679362096398897,0.015497881170690909,0.025208626460495133]]],'f':[],'ax':[],'colors':[[0.49019607843137253,0.19607843137254902,0.23137254901960785],[0.12156862745098039,0.47450980392156861,0.53725490196078429],[0.85882352941176465,0.63921568627450975,0.22745098039215686]],'color_idx':1,'canvas_clr':[0.75294117647058822,0.75294117647058822,0.75294117647058822],'color_angle':[],'color_lightness':0.5,'saturation':1,'cent_marker_sz':8}",0,none,0,none
Stim170.png,Ellipse,3,-0.0795190335591105,0.16466458812945,0.00440622342671679,0.00296830330030766,0.00169785821557607,"{'n_interp':200,'bands':[0.5,0.95],'line_sz':1,'w_px':540,'h_px':540,'Mu':[[-0.12034764271745746,-0.095535899996579826,-0.040332545951455127],[0.24813843450809561,0.16804452887741766,0.13171424082189148]],'Sigma':[[[0.025158705554311867,0.0089012139032339649,0.030230227211775193],[0.0017339953116849221,0.0094736556355683853,0.010965237456604941]],[[0.0017339953116849221,0.0094736556355683853,0.010965237456604941],[0.0084402002097478425,0.025646238573751111,0.0080144324918116974]]],'f':[],'ax':[],'colors':[[0.49019607843137253,0.19607843137254902,0.23137254901960785],[0.12156862745098039,0.47450980392156861,0.53725490196078429],[0.85882352941176465,0.63921568627450975,0.22745098039215686]],'color_idx':1,'canvas_clr':[0.75294117647058822,0.75294117647058822,0.75294117647058822],'color_angle':[],'color_lightness':0.5,'saturation':1,'cent_marker_sz':8}",0,none,0,none
Stim171.png,Ellipse,3,0.106036492922038,0.159897031881839,0.00248618008389477,0.00372885204172351,-8.29806870830117e-05,"{'n_interp':200,'bands':[0.5,0.95],'line_sz':1,'w_px':540,'h_px':540,'Mu':[[0.082780088412826927,0.057415071209644938,0.20507819011577796],[0.16188612109656034,0.053473627337738625,0.29184796237095645]],'Sigma':[[[0.0078048977250080092,0.0073442686835240353,0.01144593745749644],[-0.0026542658520612291,0.0053767344720980648,0.0033006520572739354]],[[-0.0026542658520612291,0.0053767344720980648,0.0033006520572739354],[0.0066779832551133126,0.023687491368310429,0.023374233766946809]]],'f':[],'ax':[],'colors':[[0.49019607843137253,0.19607843137254902,0.23137254901960785],[0.12156862745098039,0.47450980392156861,0.53725490196078429],[0.85882352941176465,0.63921568627450975,0.22745098039215686]],'color_idx':1,'canvas_clr':[0.75294117647058822,0.75294117647058822,0.75294117647058822],'color_angle':[],'color_lightness':0.5,'saturation':1,'cent_marker_sz':8}",0,none,0,none
Stim172.png,Ellipse,3,-0.0624239467122579,0.185179643359881,0.00513347286665904,0.00332792258252931,-0.00157646772458032,"{'n_interp':200,'bands':[0.5,0.95],'line_sz':1,'w_px':540,'h_px':540,'Mu':[[-0.0602304391686524,-0.33637447309147139,0.23429071362035925],[0.21422726462817698,0.25418433772547722,0.089783390887142212]],'Sigma':[[[0.0070941836087869692,0.034892271261113973,0.040203192740128769],[-0.0025180525485808502,-0.010048227009835689,-0.013904016330593863]],[[-0.0025180525485808502,-0.010048227009835689,-0.013904016330593863],[0.014265668210824329,0.0069384500683121238,0.038562230619458841]]],'f':[],'ax':[],'colors':[[0.49019607843137253,0.19607843137254902,0.23137254901960785],[0.12156862745098039,0.47450980392156861,0.53725490196078429],[0.85882352941176465,0.63921568627450975,0.22745098039215686]],'color_idx':1,'canvas_clr':[0.75294117647058822,0.75294117647058822,0.75294117647058822],'color_angle':[],'color_lightness':0.5,'saturation':1,'cent_marker_sz':8}",0,none,0,none
Stim173.png,Ellipse,3,0.201295469343403,0.186665433599817,0.002426050436247,0.00601935703303107,0.000289149623079482,"{'n_interp':200,'bands':[0.5,0.95],'line_sz':1,'w_px':540,'h_px':540,'Mu':[[0.31114510141383667,0.0825631263511743,0.12821599166624903],[0.30686385529885091,-0.15892075934163408,0.18992232577768028]],'Sigma':[[[0.0055321035585325241,0.010887720571688596,0.0094648001849168151],[0.0021071645770186463,0.0053240776429470532,-0.0056909650959820019]],[[0.0021071645770186463,0.0053240776429470532,-0.0056909650959820019],[0.010828634279158936,0.051238342323615418,0.024796001714790485]]],'f':[],'ax':[],'colors':[[0.49019607843137253,0.19607843137254902,0.23137254901960785],[0.12156862745098039,0.47450980392156861,0.53725490196078429],[0.85882352941176465,0.63921568627450975,0.22745098039215686]],'color_idx':1,'canvas_clr':[0.75294117647058822,0.75294117647058822,0.75294117647058822],'color_angle':[],'color_lightness':0.5,'saturation':1,'cent_marker_sz':8}",0,none,0,none
Stim174.png,Ellipse,3,0.0412140970873075,0.124594320679116,0.00330752494729982,0.00281262957098992,-8.30544937906735e-05,"{'n_interp':200,'bands':[0.5,0.95],'line_sz':1,'w_px':540,'h_px':540,'Mu':[[-0.26470561916232321,0.10231816702137592,-0.2794128917953429],[-0.046723116948088672,0.13007736702351808,0.0837392281829698]],'Sigma':[[[0.05040577016121147,0.0054617832761864092,0.039232461783475892],[0.0018537615264677015,-0.0055575796118045575,0.0087204946277696354]],[[0.0018537615264677015,-0.0055575796118045575,0.0087204946277696354],[0.014627950989076431,0.022124273091302247,0.0063553060431687184]]],'f':[],'ax':[],'colors':[[0.49019607843137253,0.19607843137254902,0.23137254901960785],[0.12156862745098039,0.47450980392156861,0.53725490196078429],[0.85882352941176465,0.63921568627450975,0.22745098039215686]],'color_idx':1,'canvas_clr':[0.75294117647058822,0.75294117647058822,0.75294117647058822],'color_angle':[],'color_lightness':0.5,'saturation':1,'cent_marker_sz':8}",0,none,0,none
Stim175.png,Ellipse,3,0.189790241802815,-0.0986087809301205,0.00297369165937371,0.00399305219859961,-0.00025438319429455,"{'n_interp':200,'bands':[0.5,0.95],'line_sz':1,'w_px':540,'h_px':540,'Mu':[[0.11764727648506765,0.2420090042441424,0.338177589887354],[-0.040142281332465266,-0.00813202308881951,-0.11464101989043982]],'Sigma':[[[0.0070607776611839677,0.006977848867762179,0.041744204057983458],[-0.008049056290569595,0.00044363223325641419,0.00027621632791529005]],[[-0.008049056290569595,0.00044363223325641419,0.00027621632791529005],[0.053907869376170835,0.023514478772756042,0.0053530280453703248]]],'f':[],'ax':[],'colors':[[0.49019607843137253,0.19607843137254902,0.23137254901960785],[0.12156862745098039,0.47450980392156861,0.53725490196078429],[0.85882352941176465,0.63921568627450975,0.22745098039215686]],'color_idx':1,'canvas_clr':[0.75294117647058822,0.75294117647058822,0.75294117647058822],'color_angle':[],'color_lightness':0.5,'saturation':1,'cent_marker_sz':8}",0,none,0,none
Stim176.png,Ellipse,3,0.137942157622088,-0.194448986488126,0.00201144867560813,0.00243268623890304,0.000803502122458132,"{'n_interp':200,'bands':[0.5,0.95],'line_sz':1,'w_px':540,'h_px':540,'Mu':[[0.083750550368434137,0.019915347211353338,0.24238670475211793],[-0.25222708959636908,-0.13188592464362339,-0.2561179048212866]],'Sigma':[[[0.0046163733511972831,0.031238724674489567,0.00786278825029856],[0.0038201168591199485,-0.0010063954133472056,-0.00261087104993636]],[[0.0038201168591199485,-0.0010063954133472056,-0.00261087104993636],[0.0068415038918546237,0.0096011767035746841,0.011141816929670208]]],'f':[],'ax':[],'colors':[[0.49019607843137253,0.19607843137254902,0.23137254901960785],[0.12156862745098039,0.47450980392156861,0.53725490196078429],[0.85882352941176465,0.63921568627450975,0.22745098039215686]],'color_idx':1,'canvas_clr':[0.75294117647058822,0.75294117647058822,0.75294117647058822],'color_angle':[],'color_lightness':0.5,'saturation':1,'cent_marker_sz':8}",0,none,0,none
Stim177.png,Ellipse,3,-0.0837708541407957,-0.24701754579453,0.00340375079663872,0.00579704412493754,0.000187734787579193,"{'n_interp':200,'bands':[0.5,0.95],'line_sz':1,'w_px':540,'h_px':540,'Mu':[[-0.3210146414497792,-0.10414115759950066,0.13464823495595729],[-0.28574733817029485,-0.27598562007355032,-0.24427051951691225]],'Sigma':[[[0.02414738313823285,0.0060823776067826241,0.014669624777673917],[0.0077078269600505669,-0.0024355221396715329,0.0036198833405257781]],[[0.0077078269600505669,-0.0024355221396715329,0.0036198833405257781],[0.013507053708529474,0.017289878789156356,0.048532398073307711]]],'f':[],'ax':[],'colors':[[0.49019607843137253,0.19607843137254902,0.23137254901960785],[0.12156862745098039,0.47450980392156861,0.53725490196078429],[0.85882352941176465,0.63921568627450975,0.22745098039215686]],'color_idx':1,'canvas_clr':[0.75294117647058822,0.75294117647058822,0.75294117647058822],'color_angle':[],'color_lightness':0.5,'saturation':1,'cent_marker_sz':8}",0,none,0,none
Stim178.png,Ellipse,3,-0.0653813911084704,0.104459884294789,0.00618529985971139,0.00254088510599641,-1.6994811499513e-05,"{'n_interp':200,'bands':[0.5,0.95],'line_sz':1,'w_px':540,'h_px':540,'Mu':[[0.11440876568177183,-0.21871461591237989,-0.22298594549300543],[0.34890767950894419,0.13341078092911368,0.089810545153447371]],'Sigma':[[[0.01668115206494835,0.035883945258188367,0.042670463193127721],[0.016832097721368795,-0.0095083374330906835,0.00414281273722314]],[[0.016832097721368795,-0.0095083374330906835,0.00414281273722314],[0.045944627587320104,0.0076346056752057412,0.0065168359058314614]]],'f':[],'ax':[],'colors':[[0.49019607843137253,0.19607843137254902,0.23137254901960785],[0.12156862745098039,0.47450980392156861,0.53725490196078429],[0.85882352941176465,0.63921568627450975,0.22745098039215686]],'color_idx':1,'canvas_clr':[0.75294117647058822,0.75294117647058822,0.75294117647058822],'color_angle':[],'color_lightness':0.5,'saturation':1,'cent_marker_sz':8}",0,none,0,none
Stim179.png,Ellipse,3,-0.0927338076952873,0.0926028160273705,0.00660715302713736,0.00258831941243615,2.85138485471925e-05,"{'n_interp':200,'bands':[0.5,0.95],'line_sz':1,'w_px':540,'h_px':540,'Mu':[[-0.17583494772962893,0.033152939818608708,-0.146657943315599],[0.199324397621309,0.12976847197609645,0.067963024199634556]],'Sigma':[[[0.018349232882627044,0.026335740127862252,0.027996161490648826],[-0.010208255552107994,0.0056219987657380828,0.00061898211794459194]],[[-0.010208255552107994,0.0056219987657380828,0.00061898211794459194],[0.02377990528444986,0.008829787630693732,0.0050123053254915208]]],'f':[],'ax':[],'colors':[[0.49019607843137253,0.19607843137254902,0.23137254901960785],[0.12156862745098039,0.47450980392156861,0.53725490196078429],[0.85882352941176465,0.63921568627450975,0.22745098039215686]],'color_idx':1,'canvas_clr':[0.75294117647058822,0.75294117647058822,0.75294117647058822],'color_angle':[],'color_lightness':0.5,'saturation':1,'cent_marker_sz':8}",0,none,0,none
Stim180.png,Ellipse,3,-0.059916248849061,0.122742371304995,0.00434333531257856,0.00341321395974907,0.00059805993865347,"{'n_interp':200,'bands':[0.5,0.95],'line_sz':1,'w_px':540,'h_px':540,'Mu':[[-0.23817022101554028,-0.0501301570733873,0.14510299843639352],[0.34497408608495039,0.1528340561993628,-0.080731185775840208]],'Sigma':[[[0.024355715036828041,0.010139655506573029,0.023931593498347878],[-0.0091926360558851183,0.0050730480477448256,-0.0062367432905656413]],[[-0.0091926360558851183,0.0050730480477448256,-0.0062367432905656413],[0.022427123147155035,0.0085896105813986073,0.013787240384657893]]],'f':[],'ax':[],'colors':[[0.49019607843137253,0.19607843137254902,0.23137254901960785],[0.12156862745098039,0.47450980392156861,0.53725490196078429],[0.85882352941176465,0.63921568627450975,0.22745098039215686]],'color_idx':1,'canvas_clr':[0.75294117647058822,0.75294117647058822,0.75294117647058822],'color_angle':[],'color_lightness':0.5,'saturation':1,'cent_marker_sz':8}",0,none,0,none
